url,title,vote,time,comment
https://www.reddit.com/r/gameofthrones/,[NO SPOILERS] Book vs Show | Part Four,630,12 hours ago,53 comments
https://www.reddit.com/r/gameofthrones/,[NO SPOILERS] Sigil Battle - Created by lafemmedart218,103,5 hours ago,6 comments
https://www.reddit.com/r/gameofthrones/,[no spoilers] Daenerys cosplay by Felora,1.5k,22 hours ago,16 comments
https://www.reddit.com/r/gameofthrones/,"[NO SPOILERS] A few years ago, I painted Patrick Star as Daenerys and Drogon. Today, I finished a redraw of my favorite Stargaryens.",1.5k,1 day ago,22 comments
https://www.reddit.com/r/gameofthrones/,[SPOILERS] thoughts on cleganebowl?,45,11 hours ago,49 comments
https://www.reddit.com/r/gameofthrones/,[NO SPOILERS] Book vs Show | Part Three,2.3k,1 day ago,173 comments
https://www.reddit.com/r/gameofthrones/,[SPOILERS] At season 3 episode 5 of my first time watching. here’s my character rankings!! thoughts? were these popular opinions when it aired?,6,3 hours ago,7 comments
url,title,vote,time,comment
https://www.reddit.com/r/gameofthrones/,[NO SPOILERS] Book vs Show | Part Four,702,13 hours ago,54 comments
url,title,vote,time,comment
https://www.reddit.com/r/gameofthrones/,[NO SPOILERS] Book vs Show | Part Four,700,13 hours ago,54 comments
https://www.reddit.com/r/gameofthrones/,[NO SPOILERS] Sigil Battle - Created by lafemmedart218,121,6 hours ago,6 comments
https://www.reddit.com/r/gameofthrones/,[no spoilers] Daenerys cosplay by Felora,1.6k,1 day ago,16 comments
https://www.reddit.com/r/gameofthrones/,"[NO SPOILERS] A few years ago, I painted Patrick Star as Daenerys and Drogon. Today, I finished a redraw of my favorite Stargaryens.",1.5k,1 day ago,22 comments
https://www.reddit.com/r/gameofthrones/,[SPOILERS] thoughts on cleganebowl?,47,12 hours ago,50 comments
https://www.reddit.com/r/gameofthrones/,[NO SPOILERS] Book vs Show | Part Three,2.3k,1 day ago,173 comments
https://www.reddit.com/r/gameofthrones/,[SPOILERS] At season 3 episode 5 of my first time watching. here’s my character rankings!! thoughts? were these popular opinions when it aired?,6,4 hours ago,9 comments
